[{"id":"user-image-R4TailTriangleSmall.png","publicUrl":"np://user.desktop.nicepage.com/Site_744807446/images/R4TailTriangleSmall.png","size":22723,"hash":"zuQqmA4ibc6/HAg21HJPUGpCYkM=","fileName":"R4TailTriangleSmall.png","name":"R4TailTriangleSmall","width":612,"height":574,"thumbnail":{"url":"np://user.desktop.nicepage.com/Site_744807446/images/thumbnails/R4TailTriangleSmall.png","width":250,"height":234},"folderId":null,"usages":["832202668"]},{"id":"user-image-R4StarShapeSmall.png","publicUrl":"np://user.desktop.nicepage.com/Site_744807446/images/R4StarShapeSmall.png","size":19353,"hash":"XFBes0PIoS6F5hALoZiMUg/La1Q=","fileName":"R4StarShapeSmall.png","name":"R4StarShapeSmall","width":560,"height":560,"thumbnail":{"url":"np://user.desktop.nicepage.com/Site_744807446/images/thumbnails/R4StarShapeSmall.png","width":250,"height":250},"folderId":null,"usages":["9866203"]},{"id":"user-image-TailTriangle.png","publicUrl":"np://user.desktop.nicepage.com/Site_744807446/images/TailTriangle.png","size":5953,"hash":"eaWL8FXGiAoRdSANqvYtQ0IEN84=","fileName":"TailTriangle.png","name":"TailTriangle","width":207,"height":115,"thumbnail":{"url":"np://user.desktop.nicepage.com/Site_744807446/images/thumbnails/TailTriangle.png","width":207,"height":115,"length":5953,"type":"png"},"folderId":null,"usages":["293129806"]},{"id":"user-image-A.png","publicUrl":"np://user.desktop.nicepage.com/Site_744807446/images/A.png","size":5179,"hash":"iTMRIIqV5qtz4MvZqAPdyn9UPSQ=","fileName":"A.png","name":"A","width":183,"height":197,"thumbnail":{"url":"np://user.desktop.nicepage.com/Site_744807446/images/thumbnails/A.png","width":183,"height":197,"length":5179,"type":"png"},"folderId":null,"usages":["293129806"]}]