[{"id":74406305,"title":"Blog Template","order":1,"templateKey":"blog","customTemplate":false,"customTemplateFilename":null,"pageLinks":[],"dateCreated":"2024-05-29T17:31:18.289Z","dateUpdated":"2024-05-29T17:31:18.892Z","folderId":null,"pageName":"Blog Template","serverPageId":null,"sectionCount":1,"status":2,"backwardUrl":null},{"id":2633208230,"title":"Post Template","order":2,"templateKey":"post","customTemplate":false,"customTemplateFilename":null,"pageLinks":[],"dateCreated":"2024-05-29T17:31:18.360Z","dateUpdated":"2024-05-29T17:31:18.892Z","folderId":null,"pageName":"Post Template","serverPageId":null,"sectionCount":1,"status":2,"backwardUrl":null},{"id":709730200,"title":"Product List Template","order":3,"templateKey":"products","customTemplate":false,"customTemplateFilename":null,"pageLinks":[],"dateCreated":"2024-05-29T17:31:18.427Z","dateUpdated":"2024-05-29T17:31:18.893Z","folderId":null,"pageName":"Product List Template","serverPageId":null,"sectionCount":1,"status":2,"backwardUrl":null},{"id":1932726332,"title":"Product Details Template","order":4,"templateKey":"product","customTemplate":false,"customTemplateFilename":null,"pageLinks":[],"dateCreated":"2024-05-29T17:31:18.491Z","dateUpdated":"2024-05-29T17:31:18.893Z","folderId":null,"pageName":"Product Details Template","serverPageId":null,"sectionCount":1,"status":2,"backwardUrl":null},{"id":612217382,"title":"Shopping Cart Template","order":5,"templateKey":"cart","customTemplate":false,"customTemplateFilename":null,"pageLinks":[],"dateCreated":"2024-05-29T17:31:18.543Z","dateUpdated":"2024-05-29T17:31:18.893Z","folderId":null,"pageName":"Shopping Cart Template","serverPageId":null,"sectionCount":1,"status":2,"backwardUrl":null},{"id":267699612,"title":"Checkout Template","order":6,"templateKey":"checkout","customTemplate":false,"customTemplateFilename":null,"pageLinks":[],"dateCreated":"2024-05-29T17:31:18.611Z","dateUpdated":"2024-05-29T17:31:18.893Z","folderId":null,"pageName":"Checkout Template","serverPageId":null,"sectionCount":1,"status":2,"backwardUrl":null},{"id":85964210,"title":"Login Template","order":7,"templateKey":"login","customTemplate":false,"customTemplateFilename":null,"pageLinks":[],"dateCreated":"2024-05-29T17:31:18.670Z","dateUpdated":"2024-05-29T17:31:18.893Z","folderId":null,"pageName":"Login Template","serverPageId":null,"sectionCount":1,"status":2,"backwardUrl":null},{"id":69546230,"title":"Page Password Template","order":8,"templateKey":"password","customTemplate":false,"customTemplateFilename":null,"pageLinks":[],"dateCreated":"2024-05-29T17:31:18.697Z","dateUpdated":"2024-05-29T17:31:18.893Z","folderId":null,"pageName":"Page Password Template","serverPageId":null,"sectionCount":1,"status":2,"backwardUrl":null},{"id":687825597,"title":"404 Not Found Template","order":9,"templateKey":"404","customTemplate":false,"customTemplateFilename":null,"pageLinks":[],"dateCreated":"2024-05-29T17:31:18.720Z","dateUpdated":"2024-05-29T17:31:18.893Z","folderId":null,"pageName":"404 Not Found Template","serverPageId":null,"sectionCount":1,"status":2,"backwardUrl":null},{"id":148859874,"title":"Thank You Page Template","order":10,"templateKey":"ThankYou","customTemplate":false,"customTemplateFilename":null,"pageLinks":[],"dateCreated":"2024-05-29T17:31:18.741Z","dateUpdated":"2024-05-29T17:31:18.893Z","folderId":null,"pageName":"Thank You Page Template","serverPageId":null,"sectionCount":1,"status":2,"backwardUrl":null},{"id":1468312309,"title":"Atlas of Hypertopes","order":50,"templateKey":null,"customTemplate":false,"customTemplateFilename":null,"pageLinks":["293129806"],"dateCreated":"2024-05-29T17:31:19.088Z","dateUpdated":"2024-05-29T18:14:20.955Z","folderId":null,"pageName":"Atlas of Hypertopes_1468312309","serverPageId":null,"sectionCount":1,"status":2,"backwardUrl":null},{"id":293129806,"title":"Rank 4","order":51,"templateKey":null,"customTemplate":false,"customTemplateFilename":null,"pageLinks":["9866203","832202668"],"dateCreated":"2024-05-29T17:33:18.453Z","dateUpdated":"2024-05-29T18:00:30.244Z","folderId":null,"pageName":"Rank 4_293129806","serverPageId":null,"sectionCount":1,"status":2,"backwardUrl":null},{"id":832202668,"title":"Rank 4 Tail-triangle","order":53,"templateKey":null,"customTemplate":false,"customTemplateFilename":null,"pageLinks":[],"dateCreated":"2024-05-29T17:48:38.206Z","dateUpdated":"2024-05-29T18:10:31.074Z","folderId":null,"pageName":"Rank 4 Tail-triangle_832202668","serverPageId":null,"sectionCount":1,"status":2,"backwardUrl":null},{"id":9866203,"title":"Rank 4 Star","order":54,"templateKey":null,"customTemplate":false,"customTemplateFilename":null,"pageLinks":[],"dateCreated":"2024-05-29T17:53:29.804Z","dateUpdated":"2024-05-29T18:11:10.450Z","folderId":null,"pageName":"Rank 4 Star_9866203","serverPageId":null,"sectionCount":1,"status":2,"backwardUrl":null},{"id":81805304,"title":"Size 96","order":55,"templateKey":null,"customTemplate":false,"customTemplateFilename":null,"pageLinks":[],"dateCreated":"2024-05-29T18:11:10.331Z","dateUpdated":"2024-05-29T18:12:00.874Z","folderId":null,"pageName":"Size 96_81805304","serverPageId":null,"sectionCount":1,"status":2,"backwardUrl":null},{"id":163003418,"title":"Size 120","order":56,"templateKey":null,"customTemplate":false,"customTemplateFilename":null,"pageLinks":[],"dateCreated":"2024-05-29T18:12:23.851Z","dateUpdated":"2024-05-29T18:12:35.204Z","folderId":null,"pageName":"Size 120_163003418","serverPageId":null,"sectionCount":1,"status":2,"backwardUrl":null}]